{
    "id_detection": "92",
    "id_drone": "1",
    "drone_position": {
        "x": 0.0012757773332810257,
        "y": 0.03833140530451499,
        "z": -3.0810337083888073
    },
    "heat_pos": {
        "x": -59.1384,
        "y": -6.82669,
        "z": 0.975
    },
    "time": "2024-29-05/28/24T12:29:04"
}