{
    "id_detection": "2247",
    "id_drone": "S_3",
    "drone_position": {
        "x": 0.0012767862907189756,
        "y": 0.03835792323010841,
        "z": -3.127065471209284
    },
    "heat_pos": {
        "x": -2.01824,
        "y": 1.02555,
        "z": 0.875
    },
    "time": "2024-22-05/30/24T11:22:54"
}