{
    "id_detection": "2247",
    "id_drone": "S_0",
    "drone_position": {
        "x": 0.0013160197462027535,
        "y": 0.005260375113551465,
        "z": 3.1120347750872774
    },
    "heat_pos": {
        "x": -2.01824,
        "y": 1.02555,
        "z": 0.875
    },
    "time": "2024-33-06/10/24T18:33:44"
}