{
    "id_detection": "2255",
    "id_drone": "S_3",
    "drone_position": {
        "x": 0.001316349334011801,
        "y": 0.0051658033676065624,
        "z": 3.109288054208523
    },
    "heat_pos": {
        "x": -6.51692,
        "y": 6.76139,
        "z": 0.875
    },
    "time": "2024-00-06/11/24T12:00:26"
}