{
    "id_detection": "2247",
    "id_drone": "S_0",
    "drone_position": {
        "x": 0.0013163608225421042,
        "y": 0.005165803794830612,
        "z": 3.1070760175691143
    },
    "heat_pos": {
        "x": -2.01824,
        "y": 1.02555,
        "z": 0.875
    },
    "time": "2024-12-05/30/24T16:12:46"
}